{
    "objects":{
        "top_left":{
            "name":"Tomato",
            "position":{
                "x":550,
                "y":540
            },
            "size":{
                "height":100,
                "width":150
            },
            "north":1,
            "south":1,
            "west":0,
            "east":0
        },
        "top_right":{
            "name":"Omelette",
            "position":{
                "x":550,
                "y":830
            },
            "size":{
                "height":100,
                "width":150
            },
            "north":1,
            "south":1,
            "west":0,
            "east":0
        },
        "bottom_left":{
            "name":"Pudding",
            "position":{
                "x":770,
                "y":550
            },
            "size":{
                "height":100,
                "width":150
            },
            "north":1,
            "south":1,
            "west":0,
            "east":0
        },
        "bottom_right":{
            "name":"OctopusWiener",
            "position":{
                "x":770,
                "y":800
            },
            "size":{
                "height":100,
                "width":150
            },
            "north":1,
            "south":1,
            "west":0,
            "east":0
        },
        "center":{
            "name":"FriedShrimp",
            "position":{
                "x":660,
                "y":680
            },
            "size":{
                "height":120,
                "width":120
            },
            "north":1,
            "south":1,
            "west":1,
            "east":1
        }
    }
}